Patient Code,Barcode,Country,Field site,Field site Code,Field site color,K13 (KP/BT B),crt- N326S,crt-I356T,fd-D193Y,mdr2- T484I,arps10- V127M
BD001-001,219888,Bangladesh,Ramu,BD,,1,0,0,1,1,1
BD001-002,219908,Bangladesh,Ramu,BD,,1,2,2,1,1,1
BD001-003,219688,Bangladesh,Ramu,BD,,1,1,2,1,1,1
BD001-004,219590,Bangladesh,Ramu,BD,,1,1,2,1,1,1
BD001-005,219618,Bangladesh,Ramu,BD,,1,0,2,1,3,1
BD001-006,219616,Bangladesh,Ramu,BD,,1,0,0,0,1,1
BD001-007,189420,Bangladesh,Ramu,BD,,1,2,2,2,1,1
BD001-008,189436,Bangladesh,Ramu,BD,,1,2,2,1,1,1
BD001-009,189449,Bangladesh,Ramu,BD,,1,1,1,1,1,1
BD001-010,189463,Bangladesh,Ramu,BD,,1,1,2,1,1,1
BD001-012,189491,Bangladesh,Ramu,BD,,1,2,2,1,2,1
BD001-014,219784,Bangladesh,Ramu,BD,,NA,NA,NA,NA,NA,NA
BD001-015,219800,Bangladesh,Ramu,BD,,1,0,1,1,1,1
BD001-016,189526,Bangladesh,Ramu,BD,,1,0,3,1,3,0
BD001-017,189534,Bangladesh,Ramu,BD,,1,2,2,1,1,1
BD001-018,189577,Bangladesh,Ramu,BD,,1,1,2,1,1,1
BD001-019,219820,Bangladesh,Ramu,BD,,1,1,2,1,1,1
BD001-020,219948,Bangladesh,Ramu,BD,,1,0,2,1,1,1
BD001-021,219971,Bangladesh,Ramu,BD,,NA,NA,NA,NA,NA,NA
BD001-022,189595,Bangladesh,Ramu,BD,,1,1,2,1,1,1
BD001-023,231053,Bangladesh,Ramu,BD,,1,1,2,1,1,1
BD001-024,230956,Bangladesh,Ramu,BD,,1,2,2,1,1,1
BD001-025,231059,Bangladesh,Ramu,BD,,1,1,2,1,1,1
BD001-026,231062,Bangladesh,Ramu,BD,,1,3,2,1,1,1
BD001-027,230975,Bangladesh,Ramu,BD,,1,0,2,1,1,1
BD001-028,230993,Bangladesh,Ramu,BD,,1,1,2,1,1,1
BD001-029,231004,Bangladesh,Ramu,BD,,NA,NA,NA,NA,NA,NA
BD001-030,231011,Bangladesh,Ramu,BD,,NA,NA,NA,NA,NA,NA
BD001-032,231035,Bangladesh,Ramu,BD,,1,1,2,1,3,1
BD001-033,231074,Bangladesh,Ramu,BD,,1,1,2,1,3,1
BD001-034,231080,Bangladesh,Ramu,BD,,1,2,2,1,1,1
BD001-035,231101,Bangladesh,Ramu,BD,,1,1,2,1,1,1
BD001-036,231099,Bangladesh,Ramu,BD,,1,0,1,1,1,1
BD001-037,231116,Bangladesh,Ramu,BD,,1,3,2,1,1,1
BD001-038,231134,Bangladesh,Ramu,BD,,1,2,2,1,1,1
BD001-039,231141,Bangladesh,Ramu,BD,,1,2,2,3,1,1
BD001-040,219844,Bangladesh,Ramu,BD,,1,1,2,1,1,1
BD001-041,219855,Bangladesh,Ramu,BD,,1,3,2,1,1,1
BD001-042,219866,Bangladesh,Ramu,BD,,NA,NA,NA,NA,NA,NA
BD001-043,231148,Bangladesh,Ramu,BD,,1,0,3,1,1,1
BD001-044,230854,Bangladesh,Ramu,BD,,1,0,2,1,1,1
BD001-045,230866,Bangladesh,Ramu,BD,,1,1,2,1,1,1
BD001-046,230757,Bangladesh,Ramu,BD,,1,1,2,1,1,1
BD001-047,230771,Bangladesh,Ramu,BD,,1,1,2,1,1,1
BD001-048,230779,Bangladesh,Ramu,BD,,1,2,2,1,2,1
BD001-049,230793,Bangladesh,Ramu,BD,,1,1,2,1,1,1
BD001-050,230803,Bangladesh,Ramu,BD,,1,1,2,1,1,1
BD001-051,230816,Bangladesh,Ramu,BD,,1,0,0,1,1,1
BD001-052,230828,Bangladesh,Ramu,BD,,1,3,2,1,3,1
BD001-053,231162,Bangladesh,Ramu,BD,,1,2,2,1,1,1
BD001-054,231175,Bangladesh,Ramu,BD,,1,0,2,1,2,1
BD001-055,230877,Bangladesh,Ramu,BD,,1,0,2,1,1,1
BD001-056,230889,Bangladesh,Ramu,BD,,1,1,2,1,1,1
CD001-001,211757,DRCongo,Kinshasa,CD,,1,1,1,1,1,1
CD001-002,211756,DRCongo,Kinshasa,CD,,1,1,1,1,1,1
CD001-003,211782,DRCongo,Kinshasa,CD,,1,1,2,1,1,1
CD001-004,211784,DRCongo,Kinshasa,CD,,1,1,1,1,1,1
CD001-005,211786,DRCongo,Kinshasa,CD,,1,1,2,1,1,1
CD001-006,211802,DRCongo,Kinshasa,CD,,1,0,0,0,1,0
CD001-007,211818,DRCongo,Kinshasa,CD,,1,1,3,1,1,1
CD001-008,NO BC,DRCongo,Kinshasa,CD,,1,1,1,1,1,1
CD001-009,211833,DRCongo,Kinshasa,CD,,1,1,1,1,1,1
CD001-010,211449,DRCongo,Kinshasa,CD,,1,1,3,1,1,1
CD001-011,211469,DRCongo,Kinshasa,CD,,1,1,1,1,1,1
CD001-012,211468,DRCongo,Kinshasa,CD,,1,1,1,1,1,1
CD001-013,211483,DRCongo,Kinshasa,CD,,1,0,1,1,1,1
CD001-014,211499,DRCongo,Kinshasa,CD,,1,1,1,1,1,1
CD001-015,211503,DRCongo,Kinshasa,CD,,1,1,3,1,1,1
CD001-016,211532,DRCongo,Kinshasa,CD,,1,1,3,1,1,1
CD001-017,211536,DRCongo,Kinshasa,CD,,1,1,3,1,1,1
CD001-018,211539,DRCongo,Kinshasa,CD,,NA,NA,NA,NA,NA,NA
CD001-019,211257,DRCongo,Kinshasa,CD,,1,1,1,1,1,1
CD001-021,231856,DRCongo,Kinshasa,CD,,1,1,2,1,1,1
CD001-023,231888,DRCongo,Kinshasa,CD,,1,1,3,1,1,1
CD001-024,231887,DRCongo,Kinshasa,CD,,1,1,1,1,1,1
CD001-025,211671,DRCongo,Kinshasa,CD,,1,1,2,1,1,1
CD001-026,211673,DRCongo,Kinshasa,CD,,1,1,3,1,1,1
CD001-027,211711,DRCongo,Kinshasa,CD,,3,1,3,1,1,1
CD001-028,211712,DRCongo,Kinshasa,CD,,1,1,1,1,1,1
CD001-029,211713,DRCongo,Kinshasa,CD,,1,1,1,1,1,1
CD001-030,NO BC,DRCongo,Kinshasa,CD,,1,1,1,1,1,1
CD001-031,NO BC,DRCongo,Kinshasa,CD,,1,1,1,1,1,1
CD001-032,NO BC,DRCongo,Kinshasa,CD,,1,1,1,1,1,1
CD001-033,NO BC,DRCongo,Kinshasa,CD,,1,1,1,1,1,1
CD001-034,NO BC,DRCongo,Kinshasa,CD,,1,0,3,1,1,1
CD001-035,NO BC,DRCongo,Kinshasa,CD,,1,1,1,1,1,1
CD001-036,NO BC,DRCongo,Kinshasa,CD,,1,1,1,1,1,1
CD001-037,228679,DRCongo,Kinshasa,CD,,1,1,1,1,1,1
CD001-038,228680,DRCongo,Kinshasa,CD,,1,1,2,1,1,1
CD001-039,228741,DRCongo,Kinshasa,CD,,1,0,2,1,1,1
CD001-040,228578,DRCongo,Kinshasa,CD,,1,0,1,1,1,1
CD001-041,228580,DRCongo,Kinshasa,CD,,1,0,1,0,1,1
CD001-042,228608,DRCongo,Kinshasa,CD,,NA,NA,NA,NA,NA,NA
CD001-044,228657,DRCongo,Kinshasa,CD,,1,0,0,1,1,1
CD001-045,228658,DRCongo,Kinshasa,CD,,1,1,1,1,1,1
CD001-046,228659,DRCongo,Kinshasa,CD,,1,1,1,1,1,1
CD001-047,228905,DRCongo,Kinshasa,CD,,NA,NA,NA,NA,NA,NA
CD001-049,228560,DRCongo,Kinshasa,CD,,1,1,3,1,1,0
CD001-050,228561,DRCongo,Kinshasa,CD,,1,0,0,1,1,0
CD001-051,228562,DRCongo,Kinshasa,CD,,1,1,1,1,1,1
CD001-052,228907,DRCongo,Kinshasa,CD,,1,0,1,1,1,0
CD001-053,228938,DRCongo,Kinshasa,CD,,1,0,1,1,1,1
CD001-054,228964,DRCongo,Kinshasa,CD,,1,1,1,1,1,1
CD001-055,228963,DRCongo,Kinshasa,CD,,1,1,1,1,1,1
CD001-056,253768,DRCongo,Kinshasa,CD,,1,1,1,1,1,1
CD001-057,253769,DRCongo,Kinshasa,CD,,1,0,1,1,1,1
CD001-058,253497,DRCongo,Kinshasa,CD,,1,1,3,1,1,1
CD001-059,253810,DRCongo,Kinshasa,CD,,1,1,1,1,1,1
CD001-061,253481,DRCongo,Kinshasa,CD,,1,1,3,1,1,1
CD001-062,253476,DRCongo,Kinshasa,CD,,NA,NA,NA,NA,NA,NA
CD001-063,253448,DRCongo,Kinshasa,CD,,1,1,1,1,1,1
CD001-064,253691,DRCongo,Kinshasa,CD,,1,0,3,1,1,1
CD001-065,253687,DRCongo,Kinshasa,CD,,1,1,3,1,1,1
CD001-066,253685,DRCongo,Kinshasa,CD,,1,1,1,1,1,1
CD001-068,253659,DRCongo,Kinshasa,CD,,1,1,2,1,1,1
CD001-069,253647,DRCongo,Kinshasa,CD,,1,1,2,1,1,1
CD001-070,253641,DRCongo,Kinshasa,CD,,1,0,2,1,1,1
CD001-071,253618,DRCongo,Kinshasa,CD,,1,1,3,1,1,1
CD001-072,253621,DRCongo,Kinshasa,CD,,1,1,1,1,1,1
CD001-073,253837,DRCongo,Kinshasa,CD,,3,1,2,1,1,1
CD001-074,253840,DRCongo,Kinshasa,CD,,3,0,2,1,1,1
CD001-075,253865,DRCongo,Kinshasa,CD,,1,1,1,1,1,1
CD001-076,253864,DRCongo,Kinshasa,CD,,1,0,1,1,1,1
CD001-077,253863,DRCongo,Kinshasa,CD,,1,1,2,2,1,1
CD001-078,253884,DRCongo,Kinshasa,CD,,1,1,1,1,1,1
CD001-079,253517,DRCongo,Kinshasa,CD,,1,1,3,1,1,1
CD001-080,253518,DRCongo,Kinshasa,CD,,1,1,2,1,1,1
CD001-081,253910,DRCongo,Kinshasa,CD,,1,0,1,1,1,1
CD001-082,253539,DRCongo,Kinshasa,CD,,1,1,3,1,1,1
CD001-083,253543,DRCongo,Kinshasa,CD,,1,1,2,1,1,1
CD001-084,253546,DRCongo,Kinshasa,CD,,1,1,2,1,1,1
CD001-085,253569,DRCongo,Kinshasa,CD,,1,1,2,1,1,1
CD001-086,253572,DRCongo,Kinshasa,CD,,1,1,3,1,1,1
CD001-087,253609,DRCongo,Kinshasa,CD,,3,1,1,1,1,1
CD001-088,253612,DRCongo,Kinshasa,CD,,1,0,0,0,1,1
CD001-089,254935,DRCongo,Kinshasa,CD,,1,1,1,1,1,1
CD001-090,254931,DRCongo,Kinshasa,CD,,1,1,1,1,1,1
CD001-091,254927,DRCongo,Kinshasa,CD,,1,1,1,1,1,1
CD001-092,254968,DRCongo,Kinshasa,CD,,NA,NA,NA,NA,NA,NA
CD001-093,254971,DRCongo,Kinshasa,CD,,1,1,1,1,1,1
CD001-094,254989,DRCongo,Kinshasa,CD,,1,0,0,0,1,0
CD001-095,254991,DRCongo,Kinshasa,CD,,1,1,1,1,1,1
CD001-096,255010,DRCongo,Kinshasa,CD,,3,1,1,1,1,1
CD001-097,255006,DRCongo,Kinshasa,CD,,1,1,1,1,1,1
CD001-098,255046,DRCongo,Kinshasa,CD,,3,0,1,1,1,1
CD001-099,255040,DRCongo,Kinshasa,CD,,1,1,1,1,1,1
CD001-100,255037,DRCongo,Kinshasa,CD,,1,1,2,1,1,1
CD001-101,255064,DRCongo,Kinshasa,CD,,1,1,1,1,1,1
CD001-102,255076,DRCongo,Kinshasa,CD,,3,1,0,1,1,1
CD001-103,255097,DRCongo,Kinshasa,CD,,NA,NA,NA,NA,NA,NA
CD001-104,255101,DRCongo,Kinshasa,CD,,1,1,3,1,1,1
CD001-105,255100,DRCongo,Kinshasa,CD,,1,1,0,1,1,0
CD001-106,254520,DRCongo,Kinshasa,CD,,1,1,1,1,1,1
CD001-107,254538,DRCongo,Kinshasa,CD,,1,1,1,1,1,1
CD001-108,254542,DRCongo,Kinshasa,CD,,1,0,3,1,1,1
CD001-109,254557,DRCongo,Kinshasa,CD,,3,0,2,1,1,1
CD001-110,254584,DRCongo,Kinshasa,CD,,1,0,1,1,1,1
CD001-111,254585,DRCongo,Kinshasa,CD,,1,0,1,1,1,1
CD001-112,254588,DRCongo,Kinshasa,CD,,1,0,1,1,1,1
CD001-113,254612,DRCongo,Kinshasa,CD,,1,0,0,1,1,1
CD001-114,254613,DRCongo,Kinshasa,CD,,1,0,1,1,1,1
CD001-115,254614,DRCongo,Kinshasa,CD,,1,0,0,0,1,1
CD001-116,254494,DRCongo,Kinshasa,CD,,1,1,1,1,1,1
CD001-117,254487,DRCongo,Kinshasa,CD,,1,1,1,1,1,1
CD001-118,254483,DRCongo,Kinshasa,CD,,1,0,2,1,1,1
CD001-119,254451,DRCongo,Kinshasa,CD,,1,1,1,1,1,1
CD001-120,254449,DRCongo,Kinshasa,CD,,1,1,1,1,1,1
KH001-001,188118,Cambodia,Pursat,KH1,,1,2,2,2,2,2
KH001-004,188209,Cambodia,Pursat,KH1,,2,2,2,2,2,2
KH001-005,188208,Cambodia,Pursat,KH1,,2,2,2,2,2,2
KH001-006,188127,Cambodia,Pursat,KH1,,2,2,2,2,2,2
KH001-007,188129,Cambodia,Pursat,KH1,,2,2,2,2,2,2
KH001-011,188204,Cambodia,Pursat,KH1,,2,2,2,2,2,2
KH001-012,188198,Cambodia,Pursat,KH1,,2,2,2,2,2,2
KH001-013,188144,Cambodia,Pursat,KH1,,2,2,2,2,1,2
KH001-015,188181,Cambodia,Pursat,KH1,,2,0,2,2,2,2
KH001-016,188176,Cambodia,Pursat,KH1,,2,2,2,2,2,2
KH001-017,188174,Cambodia,Pursat,KH1,,2,2,2,2,2,2
KH001-018,188173,Cambodia,Pursat,KH1,,1,2,2,2,2,2
KH001-020,194265,Cambodia,Pursat,KH1,,3,2,2,2,2,2
KH001-021,194272,Cambodia,Pursat,KH1,,1,2,2,2,2,3
KH001-022,194286,Cambodia,Pursat,KH1,,1,0,2,2,2,3
KH001-023,194291,Cambodia,Pursat,KH1,,2,2,2,2,2,2
KH001-024,194298,Cambodia,Pursat,KH1,,2,2,2,2,1,2
KH001-025,194306,Cambodia,Pursat,KH1,,2,2,2,2,1,2
KH001-026,194314,Cambodia,Pursat,KH1,,2,2,2,2,2,2
KH001-028,194335,Cambodia,Pursat,KH1,,2,2,2,2,2,2
KH001-029,194349,Cambodia,Pursat,KH1,,2,2,2,2,2,2
KH001-030,199332,Cambodia,Pursat,KH1,,1,2,2,2,2,1
KH001-031,199342,Cambodia,Pursat,KH1,,2,2,2,2,2,2
KH001-032,199343,Cambodia,Pursat,KH1,,1,2,2,2,2,1
KH001-034,193757,Cambodia,Pursat,KH1,,2,2,2,2,2,2
KH001-036,193959,Cambodia,Pursat,KH1,,3,3,3,2,3,2
KH001-038,193778,Cambodia,Pursat,KH1,,2,2,2,2,1,2
KH001-039,193972,Cambodia,Pursat,KH1,,1,2,2,2,2,3
KH001-040,193974,Cambodia,Pursat,KH1,,2,2,2,2,2,2
KH001-041,193987,Cambodia,Pursat,KH1,,2,2,2,2,2,2
KH001-043,199352,Cambodia,Pursat,KH1,,2,2,2,2,2,3
KH001-044,194008,Cambodia,Pursat,KH1,,1,2,2,2,1,2
KH001-046,199364,Cambodia,Pursat,KH1,,1,2,2,2,2,2
KH001-047,199363,Cambodia,Pursat,KH1,,2,2,2,2,2,2
KH001-048,194024,Cambodia,Pursat,KH1,,3,2,2,2,2,2
KH001-049,194037,Cambodia,Pursat,KH1,,1,3,3,2,2,1
KH001-051,199356,Cambodia,Pursat,KH1,,2,1,1,2,2,2
KH001-052,193787,Cambodia,Pursat,KH1,,NA,NA,NA,NA,NA,NA
KH001-054,193799,Cambodia,Pursat,KH1,,3,2,2,3,2,2
KH001-055,194051,Cambodia,Pursat,KH1,,3,2,2,2,2,2
KH001-056,193812,Cambodia,Pursat,KH1,,NA,NA,NA,NA,NA,NA
KH001-057,193821,Cambodia,Pursat,KH1,,1,2,2,0,2,2
KH001-058,193822,Cambodia,Pursat,KH1,,2,2,2,2,2,2
KH001-059,193849,Cambodia,Pursat,KH1,,2,2,2,2,2,2
KH001-060,188056,Cambodia,Pursat,KH1,,2,2,2,2,2,2
KH001-061,193838,Cambodia,Pursat,KH1,,2,2,2,2,2,2
KH001-062,188068,Cambodia,Pursat,KH1,,1,2,2,2,2,1
KH001-063,193825,Cambodia,Pursat,KH1,,1,2,2,2,1,2
KH001-064,188073,Cambodia,Pursat,KH1,,2,2,2,2,2,2
KH001-065,188075,Cambodia,Pursat,KH1,,2,2,2,2,3,2
KH001-066,188082,Cambodia,Pursat,KH1,,2,2,2,2,2,2
KH001-067,188087,Cambodia,Pursat,KH1,,2,2,2,2,2,2
KH001-068,188096,Cambodia,Pursat,KH1,,2,0,0,0,2,2
KH001-069,188098,Cambodia,Pursat,KH1,,2,2,2,2,2,2
KH001-070,188101,Cambodia,Pursat,KH1,,3,2,2,2,2,2
KH001-071,188102,Cambodia,Pursat,KH1,,2,2,2,2,2,2
KH001-072,188104,Cambodia,Pursat,KH1,,NA,NA,NA,NA,NA,NA
KH001-073,208405,Cambodia,Pursat,KH1,,2,0,0,0,0,0
KH001-074,208412,Cambodia,Pursat,KH1,,NA,NA,NA,NA,NA,NA
KH001-075,208422,Cambodia,Pursat,KH1,,NA,NA,NA,NA,NA,NA
KH001-076,208424,Cambodia,Pursat,KH1,,2,0,2,2,2,2
KH001-077,208433,Cambodia,Pursat,KH1,,NA,NA,NA,NA,NA,NA
KH001-078,208435,Cambodia,Pursat,KH1,,2,0,2,2,2,2
KH001-079,202262,Cambodia,Pursat,KH1,,2,0,2,2,2,2
KH001-080,202274,Cambodia,Pursat,KH1,,2,0,2,2,2,2
KH001-081,202283,Cambodia,Pursat,KH1,,2,0,2,2,2,2
KH001-082,202288,Cambodia,Pursat,KH1,,1,0,2,2,2,0
KH001-083,202293,Cambodia,Pursat,KH1,,NA,NA,NA,NA,NA,NA
KH001-084,202303,Cambodia,Pursat,KH1,,3,2,2,2,2,2
KH001-086,202310,Cambodia,Pursat,KH1,,2,2,2,1,2,2
KH001-087,202323,Cambodia,Pursat,KH1,,2,2,2,2,2,1
KH001-088,202330,Cambodia,Pursat,KH1,,1,2,2,2,3,3
KH001-089,202328,Cambodia,Pursat,KH1,,2,0,2,0,0,0
KH001-090,202340,Cambodia,Pursat,KH1,,2,0,2,2,2,2
KH001-091,202353,Cambodia,Pursat,KH1,,2,0,2,2,2,2
KH001-092,194459,Cambodia,Pursat,KH1,,2,0,2,2,2,2
KH001-093,194468,Cambodia,Pursat,KH1,,1,2,2,2,2,2
KH001-094,194474,Cambodia,Pursat,KH1,,NA,NA,NA,NA,NA,NA
KH001-095,194491,Cambodia,Pursat,KH1,,NA,NA,NA,NA,NA,NA
KH001-096,194503,Cambodia,Pursat,KH1,,2,2,2,2,2,2
KH001-097,194553,Cambodia,Pursat,KH1,,3,3,3,3,3,3
KH001-098,194550,Cambodia,Pursat,KH1,,3,0,2,2,2,0
KH001-099,194524,Cambodia,Pursat,KH1,,2,2,2,2,2,2
KH001-100,202110,Cambodia,Pursat,KH1,,2,2,2,2,2,2
KH001-101,202097,Cambodia,Pursat,KH1,,1,0,3,2,2,1
KH001-102,202073,Cambodia,Pursat,KH1,,2,2,2,2,2,2
KH001-103,202074,Cambodia,Pursat,KH1,,2,2,2,2,2,2
KH001-104,216376,Cambodia,Pursat,KH1,,NA,NA,NA,NA,NA,NA
KH001-105,216377,Cambodia,Pursat,KH1,,NA,NA,NA,NA,NA,NA
KH001-106,216385,Cambodia,Pursat,KH1,,2,2,2,2,2,2
KH001-107,216391,Cambodia,Pursat,KH1,,2,2,2,2,2,2
KH001-108,216395,Cambodia,Pursat,KH1,,3,2,2,2,3,2
KH001-109,216402,Cambodia,Pursat,KH1,,1,0,2,0,2,1
KH001-110,216407,Cambodia,Pursat,KH1,,3,3,3,3,2,3
KH001-111,217165,Cambodia,Pursat,KH1,,NA,NA,NA,NA,NA,NA
KH001-112,217466,Cambodia,Pursat,KH1,,2,0,2,2,2,2
KH001-113,217468,Cambodia,Pursat,KH1,,NA,NA,NA,NA,NA,NA
KH001-114,215759,Cambodia,Pursat,KH1,,1,0,0,0,2,2
KH001-116,236285,Cambodia,Pursat,KH1,,NA,NA,NA,NA,NA,NA
KH001-117,236300,Cambodia,Pursat,KH1,,3,2,2,2,2,3
KH001-118,236292,Cambodia,Pursat,KH1,,1,2,2,2,3,3
KH001-119,236308,Cambodia,Pursat,KH1,,3,3,3,3,2,1
KH001-120,236363,Cambodia,Pursat,KH1,,3,2,2,2,2,2
KH002-001,188418,Cambodia,Preah Vihear,KH2,,1,3,3,1,3,3
KH002-002,188426,Cambodia,Preah Vihear,KH2,,NA,NA,NA,NA,NA,NA
KH002-003,188428,Cambodia,Preah Vihear,KH2,,1,1,1,1,1,1
KH002-005,188439,Cambodia,Preah Vihear,KH2,,2,0,0,0,0,0
KH002-006,188440,Cambodia,Preah Vihear,KH2,,3,1,1,1,1,2
KH002-007,188442,Cambodia,Preah Vihear,KH2,,2,2,2,2,2,2
KH002-008,188452,Cambodia,Preah Vihear,KH2,,2,2,2,2,2,2
KH002-009,188455,Cambodia,Preah Vihear,KH2,,1,1,1,1,1,1
KH002-010,188458,Cambodia,Preah Vihear,KH2,,1,2,2,2,1,2
KH002-011,188464,Cambodia,Preah Vihear,KH2,,1,2,2,1,1,1
KH002-012,188468,Cambodia,Preah Vihear,KH2,,2,2,2,2,1,2
KH002-013,188470,Cambodia,Preah Vihear,KH2,,1,2,2,1,1,1
KH002-014,188359,Cambodia,Preah Vihear,KH2,,1,2,2,1,1,1
KH002-015,188364,Cambodia,Preah Vihear,KH2,,2,2,2,2,2,2
KH002-016,188365,Cambodia,Preah Vihear,KH2,,1,1,1,1,2,1
KH002-017,188367,Cambodia,Preah Vihear,KH2,,2,2,2,2,2,2
KH002-018,188406,Cambodia,Preah Vihear,KH2,,1,1,1,1,1,1
KH002-019,188409,Cambodia,Preah Vihear,KH2,,2,2,2,2,2,2
KH002-020,188408,Cambodia,Preah Vihear,KH2,,2,2,2,2,2,2
KH002-021,188492,Cambodia,Preah Vihear,KH2,,1,1,1,1,3,1
KH002-022,188489,Cambodia,Preah Vihear,KH2,,1,1,1,1,1,1
KH002-023,198471,Cambodia,Preah Vihear,KH2,,1,1,1,3,3,1
KH002-024,198476,Cambodia,Preah Vihear,KH2,,1,1,1,1,1,1
KH002-025,198484,Cambodia,Preah Vihear,KH2,,1,2,3,3,1,3
KH002-027,198486,Cambodia,Preah Vihear,KH2,,1,3,3,1,1,1
KH002-028,198487,Cambodia,Preah Vihear,KH2,,3,3,3,3,3,3
KH002-029,198499,Cambodia,Preah Vihear,KH2,,2,2,2,1,2,2
KH002-030,198496,Cambodia,Preah Vihear,KH2,,1,1,1,1,1,1
KH002-031,198514,Cambodia,Preah Vihear,KH2,,1,1,1,1,1,1
KH002-032,198516,Cambodia,Preah Vihear,KH2,,1,1,1,1,1,1
KH002-033,198525,Cambodia,Preah Vihear,KH2,,1,1,1,1,1,1
KH002-034,198527,Cambodia,Preah Vihear,KH2,,1,2,2,2,1,2
KH002-035,198536,Cambodia,Preah Vihear,KH2,,2,2,2,2,2,2
KH002-036,198538,Cambodia,Preah Vihear,KH2,,1,1,1,1,3,1
KH002-037,198540,Cambodia,Preah Vihear,KH2,,1,1,1,1,1,1
KH002-038,198542,Cambodia,Preah Vihear,KH2,,1,2,2,2,1,2
KH002-039,198551,Cambodia,Preah Vihear,KH2,,NA,NA,NA,NA,NA,NA
KH002-040,198560,Cambodia,Preah Vihear,KH2,,NA,NA,NA,NA,NA,NA
KH002-041,198562,Cambodia,Preah Vihear,KH2,,1,0,0,0,2,2
KH002-042,198584,Cambodia,Preah Vihear,KH2,,1,1,1,1,2,2
KH002-043,198564,Cambodia,Preah Vihear,KH2,,1,0,0,1,1,1
KH002-044,207295,Cambodia,Preah Vihear,KH2,,2,0,2,2,2,2
KH002-045,198574,Cambodia,Preah Vihear,KH2,,NA,NA,NA,NA,NA,NA
KH002-046,207297,Cambodia,Preah Vihear,KH2,,1,0,1,0,1,0
KH002-047,207446,Cambodia,Preah Vihear,KH2,,1,1,1,1,2,2
KH002-048,198573,Cambodia,Preah Vihear,KH2,,1,0,1,1,1,0
KH002-049,207448,Cambodia,Preah Vihear,KH2,,2,0,2,2,2,2
KH002-050,207450,Cambodia,Preah Vihear,KH2,,1,1,1,1,1,0
KH002-051,207459,Cambodia,Preah Vihear,KH2,,3,3,3,1,2,2
KH002-052,207468,Cambodia,Preah Vihear,KH2,,1,1,1,1,3,3
KH002-053,207470,Cambodia,Preah Vihear,KH2,,3,0,3,1,2,2
KH002-054,207480,Cambodia,Preah Vihear,KH2,,1,1,1,3,3,3
KH002-055,207496,Cambodia,Preah Vihear,KH2,,1,1,1,0,1,1
KH002-056,207488,Cambodia,Preah Vihear,KH2,,2,0,2,2,2,2
KH002-057,207302,Cambodia,Preah Vihear,KH2,,1,1,1,1,2,1
KH002-058,207311,Cambodia,Preah Vihear,KH2,,NA,NA,NA,NA,NA,NA
KH002-059,207313,Cambodia,Preah Vihear,KH2,,3,3,3,3,3,3
KH002-060,207322,Cambodia,Preah Vihear,KH2,,1,0,0,2,1,2
KH002-061,207324,Cambodia,Preah Vihear,KH2,,1,0,2,0,1,2
KH002-062,207334,Cambodia,Preah Vihear,KH2,,1,0,2,0,2,0
KH002-063,207336,Cambodia,Preah Vihear,KH2,,2,0,0,0,2,2
KH002-064,198185,Cambodia,Preah Vihear,KH2,,1,1,1,2,1,1
KH002-065,198187,Cambodia,Preah Vihear,KH2,,1,3,3,1,1,1
KH002-066,198196,Cambodia,Preah Vihear,KH2,,NA,NA,NA,NA,NA,NA
KH002-067,198205,Cambodia,Preah Vihear,KH2,,1,0,0,0,1,1
KH002-068,198207,Cambodia,Preah Vihear,KH2,,1,0,1,3,1,0
KH002-069,198216,Cambodia,Preah Vihear,KH2,,NA,NA,NA,NA,NA,NA
KH002-070,198225,Cambodia,Preah Vihear,KH2,,1,1,1,1,1,1
KH002-071,198234,Cambodia,Preah Vihear,KH2,,2,2,2,2,2,2
KH002-072,198243,Cambodia,Preah Vihear,KH2,,1,0,1,1,1,1
KH002-073,198252,Cambodia,Preah Vihear,KH2,,2,2,2,2,2,2
KH002-074,198261,Cambodia,Preah Vihear,KH2,,1,0,1,2,1,1
KH002-075,198270,Cambodia,Preah Vihear,KH2,,2,0,2,2,2,2
KH002-076,198273,Cambodia,Preah Vihear,KH2,,1,0,1,2,1,2
KH002-077,198275,Cambodia,Preah Vihear,KH2,,1,0,1,1,2,1
KH002-078,207339,Cambodia,Preah Vihear,KH2,,1,1,1,1,1,1
KH002-079,207341,Cambodia,Preah Vihear,KH2,,1,1,1,1,1,1
KH002-081,207358,Cambodia,Preah Vihear,KH2,,1,2,2,2,2,2
KH002-082,198157,Cambodia,Preah Vihear,KH2,,1,1,1,1,1,2
KH002-083,198159,Cambodia,Preah Vihear,KH2,,1,1,1,1,1,2
KH002-084,198161,Cambodia,Preah Vihear,KH2,,NA,NA,NA,NA,NA,NA
KH002-085,198163,Cambodia,Preah Vihear,KH2,,2,0,2,2,2,2
KH002-086,198165,Cambodia,Preah Vihear,KH2,,NA,NA,NA,NA,NA,NA
KH002-087,198173,Cambodia,Preah Vihear,KH2,,3,2,2,2,2,2
KH002-088,198182,Cambodia,Preah Vihear,KH2,,1,2,2,2,2,2
KH002-089,213743,Cambodia,Preah Vihear,KH2,,1,1,1,1,2,2
KH002-090,213751,Cambodia,Preah Vihear,KH2,,1,0,2,0,1,0
KH002-091,213753,Cambodia,Preah Vihear,KH2,,2,2,2,2,2,2
KH002-092,213764,Cambodia,Preah Vihear,KH2,,1,0,1,1,1,1
KH002-093,236214,Cambodia,Preah Vihear,KH2,,1,1,1,1,3,3
KH002-094,213785,Cambodia,Preah Vihear,KH2,,1,0,0,0,1,0
KH002-095,213793,Cambodia,Preah Vihear,KH2,,NA,NA,NA,NA,NA,NA
KH002-096,213808,Cambodia,Preah Vihear,KH2,,1,1,1,1,2,0
KH002-097,213810,Cambodia,Preah Vihear,KH2,,1,1,1,1,2,2
KH002-098,236247,Cambodia,Preah Vihear,KH2,,1,1,1,1,1,1
KH002-099,236258,Cambodia,Preah Vihear,KH2,,3,2,2,1,1,1
KH002-100,236260,Cambodia,Preah Vihear,KH2,,1,1,1,1,1,1
KH002-101,236262,Cambodia,Preah Vihear,KH2,,1,1,1,1,1,1
KH002-102,236274,Cambodia,Preah Vihear,KH2,,1,1,1,1,2,2
KH002-103,236084,Cambodia,Preah Vihear,KH2,,1,1,1,0,1,0
KH002-104,236092,Cambodia,Preah Vihear,KH2,,1,1,1,1,3,2
KH002-105,236131,Cambodia,Preah Vihear,KH2,,1,1,1,1,1,1
KH002-106,236170,Cambodia,Preah Vihear,KH2,,NA,NA,NA,NA,NA,NA
KH002-107,236172,Cambodia,Preah Vihear,KH2,,1,1,3,0,1,1
KH002-108,236175,Cambodia,Preah Vihear,KH2,,NA,NA,NA,NA,NA,NA
KH002-109,236376,Cambodia,Preah Vihear,KH2,,NA,NA,NA,NA,NA,NA
KH002-110,236379,Cambodia,Preah Vihear,KH2,,1,1,1,1,1,1
KH002-111,236447,Cambodia,Preah Vihear,KH2,,1,1,1,1,2,1
KH002-112,236438,Cambodia,Preah Vihear,KH2,,1,2,2,1,1,0
KH002-114,236427,Cambodia,Preah Vihear,KH2,,1,1,1,1,2,2
KH002-115,236424,Cambodia,Preah Vihear,KH2,,1,1,1,1,2,2
KH002-116,236416,Cambodia,Preah Vihear,KH2,,1,2,2,2,1,2
KH002-117,216493,Cambodia,Preah Vihear,KH2,,NA,NA,NA,NA,NA,NA
KH002-118,216558,Cambodia,Preah Vihear,KH2,,NA,NA,NA,NA,NA,NA
KH002-119,216571,Cambodia,Preah Vihear,KH2,,NA,NA,NA,NA,NA,NA
KH002-120,216557,Cambodia,Preah Vihear,KH2,,1,0,1,0,1,1
KH003-004,188680,Cambodia,Ratanakiri,KH3,,1,1,1,1,3,1
KH003-009,188531,Cambodia,Ratanakiri,KH3,,1,1,1,1,1,3
KH003-010,188537,Cambodia,Ratanakiri,KH3,,1,1,1,1,1,3
KH003-011,188708,Cambodia,Ratanakiri,KH3,,1,1,1,2,1,1
KH003-012,198592,Cambodia,Ratanakiri,KH3,,0,0,0,0,1,0
KH003-013,198988,Cambodia,Ratanakiri,KH3,,1,1,1,1,1,1
KH003-015,198991,Cambodia,Ratanakiri,KH3,,1,1,1,1,1,1
KH003-016,198993,Cambodia,Ratanakiri,KH3,,1,0,0,0,1,0
KH003-017,198995,Cambodia,Ratanakiri,KH3,,1,1,1,1,2,0
KH003-018,199002,Cambodia,Ratanakiri,KH3,,NA,NA,NA,NA,NA,NA
KH003-019,199011,Cambodia,Ratanakiri,KH3,,1,1,1,1,1,1
KH003-020,199012,Cambodia,Ratanakiri,KH3,,1,1,1,1,1,1
KH003-021,199016,Cambodia,Ratanakiri,KH3,,1,1,1,1,1,1
KH003-022,198647,Cambodia,Ratanakiri,KH3,,1,2,2,1,2,1
KH003-024,198650,Cambodia,Ratanakiri,KH3,,1,1,1,1,3,1
KH003-025,198651,Cambodia,Ratanakiri,KH3,,1,1,1,3,1,1
KH003-027,199029,Cambodia,Ratanakiri,KH3,,1,1,1,1,1,1
KH003-028,199071,Cambodia,Ratanakiri,KH3,,1,1,1,1,1,1
KH003-029,202663,Cambodia,Ratanakiri,KH3,,1,1,1,1,2,1
KH003-030,202662,Cambodia,Ratanakiri,KH3,,1,1,1,1,3,1
KH003-031,202667,Cambodia,Ratanakiri,KH3,,1,1,1,1,1,2
KH003-032,202477,Cambodia,Ratanakiri,KH3,,1,1,1,1,1,2
KH003-033,202675,Cambodia,Ratanakiri,KH3,,1,0,1,1,1,1
KH003-034,188599,Cambodia,Ratanakiri,KH3,,3,1,1,1,2,1
KH003-035,202494,Cambodia,Ratanakiri,KH3,,1,1,1,1,2,1
KH003-036,202681,Cambodia,Ratanakiri,KH3,,1,1,1,1,1,1
KH003-037,202682,Cambodia,Ratanakiri,KH3,,1,3,3,1,1,1
KH003-038,202516,Cambodia,Ratanakiri,KH3,,1,1,1,1,1,1
KH003-039,202687,Cambodia,Ratanakiri,KH3,,1,1,1,1,1,1
KH003-040,202686,Cambodia,Ratanakiri,KH3,,1,1,1,1,1,1
KH003-041,202693,Cambodia,Ratanakiri,KH3,,1,1,1,1,3,1
KH003-042,202692,Cambodia,Ratanakiri,KH3,,1,1,1,1,3,1
KH003-043,202540,Cambodia,Ratanakiri,KH3,,1,1,1,1,1,1
KH003-044,202700,Cambodia,Ratanakiri,KH3,,1,1,1,1,1,1
KH003-045,207965,Cambodia,Ratanakiri,KH3,,NA,NA,NA,NA,NA,NA
KH003-046,207970,Cambodia,Ratanakiri,KH3,,1,1,1,1,1,1
KH003-047,207987,Cambodia,Ratanakiri,KH3,,1,0,1,1,2,1
KH003-048,207998,Cambodia,Ratanakiri,KH3,,1,0,0,0,1,1
KH003-049,207999,Cambodia,Ratanakiri,KH3,,1,0,0,1,1,1
KH003-050,208017,Cambodia,Ratanakiri,KH3,,1,1,1,1,3,1
KH003-051,208021,Cambodia,Ratanakiri,KH3,,1,0,1,1,3,1
KH003-052,208018,Cambodia,Ratanakiri,KH3,,1,0,1,1,3,1
KH003-053,208022,Cambodia,Ratanakiri,KH3,,1,1,1,1,3,1
KH003-054,207556,Cambodia,Ratanakiri,KH3,,1,0,1,1,2,2
KH003-055,207557,Cambodia,Ratanakiri,KH3,,NA,NA,NA,NA,NA,NA
KH003-056,207558,Cambodia,Ratanakiri,KH3,,1,1,1,1,2,1
KH003-057,207593,Cambodia,Ratanakiri,KH3,,1,2,2,1,1,1
KH003-058,207592,Cambodia,Ratanakiri,KH3,,1,1,1,1,2,1
KH003-059,207586,Cambodia,Ratanakiri,KH3,,1,2,2,2,1,1
KH003-060,207587,Cambodia,Ratanakiri,KH3,,1,0,1,1,1,1
KH003-061,207610,Cambodia,Ratanakiri,KH3,,1,0,1,1,3,1
KH003-063,207751,Cambodia,Ratanakiri,KH3,,1,1,1,1,1,1
KH003-064,207776,Cambodia,Ratanakiri,KH3,,1,0,1,1,1,1
KH003-065,207799,Cambodia,Ratanakiri,KH3,,NA,NA,NA,NA,NA,NA
KH003-066,207800,Cambodia,Ratanakiri,KH3,,1,0,1,1,1,2
KH003-067,207655,Cambodia,Ratanakiri,KH3,,1,0,1,1,2,1
KH003-068,207710,Cambodia,Ratanakiri,KH3,,2,1,1,1,1,1
KH003-069,207715,Cambodia,Ratanakiri,KH3,,1,1,1,1,1,1
KH003-070,207722,Cambodia,Ratanakiri,KH3,,2,1,1,1,1,1
KH003-071,207727,Cambodia,Ratanakiri,KH3,,NA,NA,NA,NA,NA,NA
KH003-072,207842,Cambodia,Ratanakiri,KH3,,1,1,1,1,1,2
KH003-073,207861,Cambodia,Ratanakiri,KH3,,1,0,1,1,1,1
KH003-074,207862,Cambodia,Ratanakiri,KH3,,1,1,1,1,1,1
KH003-075,207875,Cambodia,Ratanakiri,KH3,,NA,NA,NA,NA,NA,NA
KH003-076,207891,Cambodia,Ratanakiri,KH3,,NA,NA,NA,NA,NA,NA
KH003-077,207909,Cambodia,Ratanakiri,KH3,,1,0,0,1,2,1
KH003-078,207919,Cambodia,Ratanakiri,KH3,,1,1,1,1,1,1
KH003-079,252132,Cambodia,Ratanakiri,KH3,,1,1,1,1,1,1
KH003-080,207927,Cambodia,Ratanakiri,KH3,,NA,NA,NA,NA,NA,NA
KH003-081,207929,Cambodia,Ratanakiri,KH3,,1,1,1,1,1,1
KH003-082,207930,Cambodia,Ratanakiri,KH3,,NA,NA,NA,NA,NA,NA
KH003-083,213466,Cambodia,Ratanakiri,KH3,,NA,NA,NA,NA,NA,NA
KH003-084,213469,Cambodia,Ratanakiri,KH3,,1,1,1,1,3,3
KH003-085,213472,Cambodia,Ratanakiri,KH3,,1,0,1,1,1,1
KH003-086,213494,Cambodia,Ratanakiri,KH3,,1,1,1,1,1,1
KH003-087,213540,Cambodia,Ratanakiri,KH3,,NA,NA,NA,NA,NA,NA
KH003-088,213373,Cambodia,Ratanakiri,KH3,,NA,NA,NA,NA,NA,NA
KH003-089,213379,Cambodia,Ratanakiri,KH3,,1,0,1,1,1,1
KH003-090,213504,Cambodia,Ratanakiri,KH3,,NA,NA,NA,NA,NA,NA
KH003-091,213505,Cambodia,Ratanakiri,KH3,,1,0,1,1,1,1
KH003-092,213510,Cambodia,Ratanakiri,KH3,,NA,NA,NA,NA,NA,NA
KH003-094,213536,Cambodia,Ratanakiri,KH3,,1,0,1,1,1,1
KH003-095,213537,Cambodia,Ratanakiri,KH3,,1,1,1,1,1,1
KH003-096,213535,Cambodia,Ratanakiri,KH3,,NA,NA,NA,NA,NA,NA
KH003-097,213548,Cambodia,Ratanakiri,KH3,,1,0,1,1,1,1
KH003-098,213560,Cambodia,Ratanakiri,KH3,,1,1,1,0,1,1
KH003-099,213549,Cambodia,Ratanakiri,KH3,,1,1,1,3,1,1
KH003-100,214074,Cambodia,Ratanakiri,KH3,,1,0,1,0,1,0
KH003-101,213603,Cambodia,Ratanakiri,KH3,,1,1,1,1,2,2
KH003-102,213601,Cambodia,Ratanakiri,KH3,,1,1,1,1,2,2
KH003-103,213605,Cambodia,Ratanakiri,KH3,,1,2,2,1,1,1
KH003-104,213613,Cambodia,Ratanakiri,KH3,,1,1,1,1,1,1
KH003-105,214127,Cambodia,Ratanakiri,KH3,,NA,NA,NA,NA,NA,NA
KH003-107,213626,Cambodia,Ratanakiri,KH3,,NA,NA,NA,NA,NA,NA
KH003-109,215861,Cambodia,Ratanakiri,KH3,,1,1,1,2,1,2
KH003-110,215881,Cambodia,Ratanakiri,KH3,,1,1,1,1,1,1
KH003-111,215899,Cambodia,Ratanakiri,KH3,,NA,NA,NA,NA,NA,NA
KH003-112,215909,Cambodia,Ratanakiri,KH3,,1,1,1,1,1,3
KH003-113,215956,Cambodia,Ratanakiri,KH3,,1,1,1,1,1,1
KH003-114,215706,Cambodia,Ratanakiri,KH3,,1,1,1,1,1,1
KH003-115,215950,Cambodia,Ratanakiri,KH3,,1,0,1,1,1,1
KH003-116,215933,Cambodia,Ratanakiri,KH3,,1,1,1,1,1,1
KH003-117,215718,Cambodia,Ratanakiri,KH3,,1,1,1,1,3,0
KH003-118,215940,Cambodia,Ratanakiri,KH3,,1,1,1,1,3,1
KH003-119,215723,Cambodia,Ratanakiri,KH3,,1,0,0,1,1,1
KH003-120,216172,Cambodia,Ratanakiri,KH3,,NA,NA,NA,NA,NA,NA
KH004-001,182486,Cambodia,Pailin,KH4,,3,2,2,2,2,2
KH004-002,182505,Cambodia,Pailin,KH4,,3,2,2,2,2,2
KH004-005,182576,Cambodia,Pailin,KH4,,3,2,2,2,2,2
KH004-007,182409,Cambodia,Pailin,KH4,,2,2,2,2,2,2
KH004-008,183791,Cambodia,Pailin,KH4,,2,2,2,2,2,2
KH004-012,183632,Cambodia,Pailin,KH4,,2,2,2,2,2,2
KH004-013,195809,Cambodia,Pailin,KH4,,2,2,2,2,2,2
KH004-014,195808,Cambodia,Pailin,KH4,,2,2,2,2,2,2
KH004-015,183725,Cambodia,Pailin,KH4,,2,2,2,2,2,2
KH004-016,195807,Cambodia,Pailin,KH4,,2,2,2,2,2,2
KH004-018,183504,Cambodia,Pailin,KH4,,2,2,2,2,2,2
KH004-019,183551,Cambodia,Pailin,KH4,,3,2,2,2,2,2
KH004-020,183564,Cambodia,Pailin,KH4,,2,2,2,2,3,2
KH004-021,195803,Cambodia,Pailin,KH4,,2,2,2,2,2,2
KH004-022,195804,Cambodia,Pailin,KH4,,3,0,2,2,2,2
KH004-023,195684,Cambodia,Pailin,KH4,,2,2,2,2,2,2
KH004-024,195802,Cambodia,Pailin,KH4,,2,2,2,2,2,2
KH004-025,195801,Cambodia,Pailin,KH4,,2,2,2,2,2,2
KH004-027,195641,Cambodia,Pailin,KH4,,3,2,2,2,2,2
KH004-028,195806,Cambodia,Pailin,KH4,,3,2,2,2,2,2
KH004-030,195872,Cambodia,Pailin,KH4,,2,2,2,2,2,2
KH004-031,195835,Cambodia,Pailin,KH4,,2,2,2,2,2,2
KH004-032,195864,Cambodia,Pailin,KH4,,2,2,2,2,2,2
KH004-033,195886,Cambodia,Pailin,KH4,,2,2,2,2,2,2
KH004-034,196276,Cambodia,Pailin,KH4,,2,2,2,2,2,2
KH004-035,196308,Cambodia,Pailin,KH4,,2,2,2,2,2,2
KH004-036,196328,Cambodia,Pailin,KH4,,3,2,2,2,2,2
KH004-037,196400,Cambodia,Pailin,KH4,,3,2,2,2,2,2
KH004-038,196438,Cambodia,Pailin,KH4,,3,2,2,2,3,2
KH004-039,196449,Cambodia,Pailin,KH4,,2,2,2,2,2,2
KH004-040,196014,Cambodia,Pailin,KH4,,2,2,2,2,2,2
KH004-041,196037,Cambodia,Pailin,KH4,,1,0,1,1,1,1
KH004-042,196050,Cambodia,Pailin,KH4,,1,1,1,1,3,1
KH004-043,209174,Cambodia,Pailin,KH4,,2,2,2,2,2,2
KH004-044,209188,Cambodia,Pailin,KH4,,1,2,2,2,2,2
KH004-045,209199,Cambodia,Pailin,KH4,,2,2,2,2,2,2
KH004-046,209357,Cambodia,Pailin,KH4,,2,2,2,2,2,2
KH004-047,209370,Cambodia,Pailin,KH4,,2,2,2,2,2,2
KH004-048,209372,Cambodia,Pailin,KH4,,2,2,2,2,2,2
KH004-049,209423,Cambodia,Pailin,KH4,,2,2,2,2,2,2
KH004-051,195514,Cambodia,Pailin,KH4,,1,0,2,2,2,0
KH004-052,195526,Cambodia,Pailin,KH4,,NA,NA,NA,NA,NA,NA
KH004-053,209622,Cambodia,Pailin,KH4,,2,2,2,2,2,2
KH004-054,208981,Cambodia,Pailin,KH4,,2,2,2,2,2,2
KH004-055,208996,Cambodia,Pailin,KH4,,2,2,2,2,2,2
KH004-056,209469,Cambodia,Pailin,KH4,,1,2,2,2,2,2
KH004-057,209497,Cambodia,Pailin,KH4,,NA,NA,NA,NA,NA,NA
KH004-058,209744,Cambodia,Pailin,KH4,,2,0,2,2,2,2
KH004-059,209769,Cambodia,Pailin,KH4,,NA,NA,NA,NA,NA,NA
KH004-060,209803,Cambodia,Pailin,KH4,,3,2,2,2,2,2
KH004-061,209874,Cambodia,Pailin,KH4,,2,2,2,2,2,2
KH004-062,209919,Cambodia,Pailin,KH4,,2,2,2,2,2,2
KH004-063,209936,Cambodia,Pailin,KH4,,2,2,2,2,2,2
KH004-064,209713,Cambodia,Pailin,KH4,,2,0,2,2,2,2
KH004-065,209716,Cambodia,Pailin,KH4,,3,2,2,3,3,2
KH004-066,209732,Cambodia,Pailin,KH4,,2,2,2,2,2,2
KH004-067,209246,Cambodia,Pailin,KH4,,3,2,2,2,2,3
KH004-068,222084,Cambodia,Pailin,KH4,,3,0,2,2,2,2
KH004-069,222103,Cambodia,Pailin,KH4,,NA,NA,NA,NA,NA,NA
KH004-070,222135,Cambodia,Pailin,KH4,,2,2,2,2,2,2
KH004-071,222257,Cambodia,Pailin,KH4,,2,2,2,2,2,2
KH004-073,209100,Cambodia,Pailin,KH4,,2,2,2,2,2,2
KH004-073,222060,Cambodia,Pailin,KH4,,2,2,2,2,2,2
KH004-074,209121,Cambodia,Pailin,KH4,,2,0,2,2,2,2
KH004-075,209127,Cambodia,Pailin,KH4,,2,0,2,2,2,0
KH004-076,222166,Cambodia,Pailin,KH4,,2,0,2,2,2,2
KH004-077,221977,Cambodia,Pailin,KH4,,NA,NA,NA,NA,NA,NA
KH004-078,221813,Cambodia,Pailin,KH4,,NA,NA,NA,NA,NA,NA
KH004-079,221844,Cambodia,Pailin,KH4,,2,2,2,2,2,2
KH004-080,222001,Cambodia,Pailin,KH4,,3,2,3,3,3,3
KH004-081,235369,Cambodia,Pailin,KH4,,2,2,2,2,2,2
KH004-082,235340,Cambodia,Pailin,KH4,,2,2,2,2,2,2
KH004-083,235303,Cambodia,Pailin,KH4,,NA,NA,NA,NA,NA,NA
KH004-084,234600,Cambodia,Pailin,KH4,,2,2,2,2,2,2
KH004-084,235312,Cambodia,Pailin,KH4,,2,2,2,2,2,2
KH004-085,235385,Cambodia,Pailin,KH4,,2,2,2,2,2,2
KH004-086,235404,Cambodia,Pailin,KH4,,2,2,2,2,2,2
KH004-087,235415,Cambodia,Pailin,KH4,,NA,NA,NA,NA,NA,NA
KH004-088,235438,Cambodia,Pailin,KH4,,NA,NA,NA,NA,NA,NA
KH004-089,234609,Cambodia,Pailin,KH4,,2,2,2,2,2,2
KH004-090,234627,Cambodia,Pailin,KH4,,NA,NA,NA,NA,NA,NA
KH004-091,231253,Cambodia,Pailin,KH4,,NA,NA,NA,NA,NA,NA
KH004-092,231270,Cambodia,Pailin,KH4,,2,2,2,2,2,2
KH004-093,231281,Cambodia,Pailin,KH4,,2,2,2,2,2,2
KH004-094,234486,Cambodia,Pailin,KH4,,NA,NA,NA,NA,NA,NA
KH004-095,234502,Cambodia,Pailin,KH4,,NA,NA,NA,NA,NA,NA
KH004-096,234541,Cambodia,Pailin,KH4,,2,2,2,2,2,2
KH004-097,234684,Cambodia,Pailin,KH4,,1,1,1,2,1,1
KH004-098,234692,Cambodia,Pailin,KH4,,2,2,2,2,2,2
KH004-099,234731,Cambodia,Pailin,KH4,,2,2,2,2,2,2
KH004-100,231370,Cambodia,Pailin,KH4,,2,2,2,2,2,2
LA001-001,189212,Laos,Attapeu,LA,,1,1,1,1,1,1
LA001-002,189217,Laos,Attapeu,LA,,1,1,1,1,1,1
LA001-003,189222,Laos,Attapeu,LA,,NA,NA,NA,NA,NA,NA
LA001-004,189229,Laos,Attapeu,LA,,1,1,1,1,1,1
LA001-005,189233,Laos,Attapeu,LA,,NA,NA,NA,NA,NA,NA
LA001-006,189238,Laos,Attapeu,LA,,1,1,1,1,1,1
LA001-007,189243,Laos,Attapeu,LA,,1,1,1,1,1,1
LA001-008,189312,Laos,Attapeu,LA,,1,1,1,1,1,1
LA001-009,189338,Laos,Attapeu,LA,,3,1,1,1,3,1
LA001-010,189344,Laos,Attapeu,LA,,1,1,1,1,1,1
LA001-011,189348,Laos,Attapeu,LA,,1,1,1,1,1,1
LA001-012,189352,Laos,Attapeu,LA,,1,1,1,1,3,1
LA001-013,189360,Laos,Attapeu,LA,,1,1,1,1,1,1
LA001-015,189363,Laos,Attapeu,LA,,1,1,1,1,1,1
LA001-016,189365,Laos,Attapeu,LA,,1,1,1,1,1,1
LA001-018,189380,Laos,Attapeu,LA,,1,1,1,1,1,1
LA001-019,189388,Laos,Attapeu,LA,,NA,NA,NA,NA,NA,NA
LA001-020,189390,Laos,Attapeu,LA,,NA,NA,NA,NA,NA,NA
LA001-022,189396,Laos,Attapeu,LA,,1,0,1,1,1,3
LA001-023,189401,Laos,Attapeu,LA,,1,1,1,1,1,1
LA001-024,189407,Laos,Attapeu,LA,,1,1,1,1,1,1
LA001-034,199975,Laos,Attapeu,LA,,1,1,1,1,1,1
LA001-038,199891,Laos,Attapeu,LA,,1,2,3,1,1,1
LA001-041,199910,Laos,Attapeu,LA,,1,1,3,1,1,1
LA001-042,199911,Laos,Attapeu,LA,,1,1,1,1,1,1
LA001-043,199926,Laos,Attapeu,LA,,1,2,2,1,1,1
LA001-044,199927,Laos,Attapeu,LA,,1,1,1,1,1,1
LA001-045,199928,Laos,Attapeu,LA,,1,1,1,1,1,1
LA001-046,199929,Laos,Attapeu,LA,,1,1,1,1,1,1
LA001-047,199934,Laos,Attapeu,LA,,1,1,1,1,3,3
LA001-049,199943,Laos,Attapeu,LA,,1,1,1,1,3,1
LA001-050,199948,Laos,Attapeu,LA,,1,2,2,1,2,2
LA001-051,199954,Laos,Attapeu,LA,,1,1,1,1,1,1
LA001-052,199955,Laos,Attapeu,LA,,1,1,1,1,3,3
LA001-062,199962,Laos,Attapeu,LA,,1,0,1,1,1,2
LA001-063,199966,Laos,Attapeu,LA,,1,1,1,1,3,1
LA001-064,199971,Laos,Attapeu,LA,,1,1,1,1,2,1
LA001-065,200185,Laos,Attapeu,LA,,2,1,1,1,1,1
LA001-066,200191,Laos,Attapeu,LA,,1,1,1,1,1,1
LA001-068,200198,Laos,Attapeu,LA,,1,2,2,1,2,2
LA001-069,200203,Laos,Attapeu,LA,,1,1,1,1,1,1
LA001-070,200213,Laos,Attapeu,LA,,1,1,1,1,1,1
LA001-071,200208,Laos,Attapeu,LA,,1,1,1,1,1,1
LA001-072,200218,Laos,Attapeu,LA,,1,2,2,1,2,2
LA001-073,200226,Laos,Attapeu,LA,,1,3,3,1,3,1
LA001-074,200229,Laos,Attapeu,LA,,1,1,1,1,1,1
LA001-075,200236,Laos,Attapeu,LA,,1,1,1,1,1,1
LA001-076,200337,Laos,Attapeu,LA,,1,1,1,1,1,3
LA001-077,200088,Laos,Attapeu,LA,,1,1,1,1,1,1
LA001-078,200092,Laos,Attapeu,LA,,1,1,1,1,3,1
LA001-079,200097,Laos,Attapeu,LA,,1,1,1,1,3,1
LA001-080,200103,Laos,Attapeu,LA,,1,1,1,1,1,1
LA001-081,200108,Laos,Attapeu,LA,,1,2,2,2,1,1
LA001-082,200113,Laos,Attapeu,LA,,1,1,1,1,3,2
LA001-083,200116,Laos,Attapeu,LA,,1,1,1,1,3,1
LA001-084,200122,Laos,Attapeu,LA,,1,1,1,3,2,3
LA001-085,200125,Laos,Attapeu,LA,,1,1,1,1,1,1
LA001-086,200384,Laos,Attapeu,LA,,1,0,1,0,1,1
LA001-091,200137,Laos,Attapeu,LA,,NA,NA,NA,NA,NA,NA
LA001-092,200141,Laos,Attapeu,LA,,1,1,1,1,1,1
LA001-093,200144,Laos,Attapeu,LA,,1,1,3,1,3,3
LA001-094,200151,Laos,Attapeu,LA,,1,2,2,3,2,3
LA001-095,200157,Laos,Attapeu,LA,,1,1,1,1,2,1
LA001-096,200160,Laos,Attapeu,LA,,1,1,1,1,1,1
LA001-097,200165,Laos,Attapeu,LA,,2,2,2,1,2,2
LA001-098,200169,Laos,Attapeu,LA,,1,1,1,1,1,1
LA001-099,200170,Laos,Attapeu,LA,,1,0,2,1,2,2
LA001-100,200171,Laos,Attapeu,LA,,1,1,1,1,1,1
LA001-101,200172,Laos,Attapeu,LA,,1,2,2,1,2,2
LA001-102,217666,Laos,Attapeu,LA,,1,1,1,1,1,1
LA001-103,217676,Laos,Attapeu,LA,,NA,NA,NA,NA,NA,NA
LA001-105,217679,Laos,Attapeu,LA,,1,1,1,1,2,2
LA001-106,217684,Laos,Attapeu,LA,,1,1,1,1,2,1
LA001-107,217689,Laos,Attapeu,LA,,1,1,1,1,2,1
LA001-108,217691,Laos,Attapeu,LA,,1,1,1,1,3,1
LA001-109,217696,Laos,Attapeu,LA,,1,1,1,1,2,2
LA001-110,217701,Laos,Attapeu,LA,,NA,NA,NA,NA,NA,NA
LA001-111,217706,Laos,Attapeu,LA,,1,2,2,2,1,2
LA001-112,199992,Laos,Attapeu,LA,,1,1,1,1,1,1
LA001-113,199999,Laos,Attapeu,LA,,NA,NA,NA,NA,NA,NA
LA001-114,200006,Laos,Attapeu,LA,,1,1,1,1,1,1
LA001-115,199996,Laos,Attapeu,LA,,1,1,3,1,3,2
LA001-116,200010,Laos,Attapeu,LA,,1,1,1,1,2,1
LA001-117,200023,Laos,Attapeu,LA,,1,1,1,1,2,1
LA001-118,200020,Laos,Attapeu,LA,,1,1,1,1,2,1
LA001-119,200017,Laos,Attapeu,LA,,1,2,2,1,1,1
LA001-120,200032,Laos,Attapeu,LA,,1,1,1,1,1,1
MM001-001,210552,Myanmar,Shwe Kyin,MM,,1,2,2,3,2,1
MM001-002,210570,Myanmar,Shwe Kyin,MM,,2,2,2,1,2,2
MM001-003,210579,Myanmar,Shwe Kyin,MM,,1,2,3,1,1,2
MM001-004,210609,Myanmar,Shwe Kyin,MM,,1,2,2,3,1,3
MM001-005,210248,Myanmar,Shwe Kyin,MM,,1,2,2,2,3,3
MM001-005,210634,Myanmar,Shwe Kyin,MM,,1,2,2,2,3,3
MM001-006,210247,Myanmar,Shwe Kyin,MM,,1,2,2,2,3,1
MM001-006,210635,Myanmar,Shwe Kyin,MM,,1,2,2,2,3,1
MM001-007,210268,Myanmar,Shwe Kyin,MM,,1,0,2,1,1,1
MM001-008,210292,Myanmar,Shwe Kyin,MM,,1,2,2,1,2,1
MM001-009,210293,Myanmar,Shwe Kyin,MM,,1,2,2,1,2,1
MM001-010,209962,Myanmar,Shwe Kyin,MM,,2,2,2,2,2,1
MM001-011,210452,Myanmar,Shwe Kyin,MM,,1,2,2,3,3,1
MM001-012,210464,Myanmar,Shwe Kyin,MM,,2,2,2,2,2,1
MM001-013,210204,Myanmar,Shwe Kyin,MM,,1,2,2,2,2,1
MM001-014,210473,Myanmar,Shwe Kyin,MM,,1,0,2,2,2,1
MM001-015,210053,Myanmar,Shwe Kyin,MM,,1,2,1,1,1,1
MM001-016,210216,Myanmar,Shwe Kyin,MM,,3,2,2,3,3,3
MM001-017,210406,Myanmar,Shwe Kyin,MM,,1,2,2,2,2,1
MM001-018,210485,Myanmar,Shwe Kyin,MM,,NA,NA,NA,NA,NA,NA
MM001-019,210536,Myanmar,Shwe Kyin,MM,,1,2,2,2,2,1
MM001-020,210233,Myanmar,Shwe Kyin,MM,,1,2,2,2,2,1
MM001-021,210849,Myanmar,Shwe Kyin,MM,,2,2,2,2,1,1
MM001-022,210850,Myanmar,Shwe Kyin,MM,,2,2,2,2,1,1
MM001-023,210898,Myanmar,Shwe Kyin,MM,,3,2,2,1,1,2
MM001-024,210906,Myanmar,Shwe Kyin,MM,,1,2,2,1,2,1
MM001-025,210919,Myanmar,Shwe Kyin,MM,,1,2,2,2,2,1
MM001-026,210930,Myanmar,Shwe Kyin,MM,,1,2,2,2,2,2
MM001-027,209977,Myanmar,Shwe Kyin,MM,,NA,NA,NA,NA,NA,NA
MM001-028,209995,Myanmar,Shwe Kyin,MM,,NA,NA,NA,NA,NA,NA
MM001-029,209996,Myanmar,Shwe Kyin,MM,,NA,NA,NA,NA,NA,NA
MM001-030,210013,Myanmar,Shwe Kyin,MM,,1,2,2,2,2,2
MM001-031,210820,Myanmar,Shwe Kyin,MM,,3,0,2,1,2,1
MM001-032,210821,Myanmar,Shwe Kyin,MM,,1,2,2,1,2,1
MM001-033,210414,Myanmar,Shwe Kyin,MM,,1,2,2,2,2,2
MM001-034,210436,Myanmar,Shwe Kyin,MM,,1,2,2,2,2,2
MM001-035,210437,Myanmar,Shwe Kyin,MM,,NA,NA,NA,NA,NA,NA
MM001-036,210073,Myanmar,Shwe Kyin,MM,,1,2,2,2,2,2
MM001-037,210105,Myanmar,Shwe Kyin,MM,,3,2,2,1,3,3
MM001-038,219988,Myanmar,Shwe Kyin,MM,,3,2,2,1,3,1
MM001-039,220001,Myanmar,Shwe Kyin,MM,,2,2,2,2,2,1
MM001-040,220027,Myanmar,Shwe Kyin,MM,,NA,NA,NA,NA,NA,NA
MM001-041,210654,Myanmar,Shwe Kyin,MM,,NA,NA,NA,NA,NA,NA
MM001-042,210666,Myanmar,Shwe Kyin,MM,,1,2,2,1,2,1
MM001-043,220297,Myanmar,Shwe Kyin,MM,,1,2,2,2,1,1
MM001-044,220361,Myanmar,Shwe Kyin,MM,,2,2,2,1,2,1
MM001-045,220374,Myanmar,Shwe Kyin,MM,,1,2,2,2,2,2
MM001-046,220086,Myanmar,Shwe Kyin,MM,,NA,NA,NA,NA,NA,NA
MM001-047,220142,Myanmar,Shwe Kyin,MM,,2,2,2,1,1,2
MM001-048,220154,Myanmar,Shwe Kyin,MM,,2,2,2,3,2,1
MM001-049,220167,Myanmar,Shwe Kyin,MM,,1,2,2,2,2,2
MM001-050,220179,Myanmar,Shwe Kyin,MM,,1,2,2,2,3,2
MM001-051,220192,Myanmar,Shwe Kyin,MM,,NA,NA,NA,NA,NA,NA
MM001-052,220204,Myanmar,Shwe Kyin,MM,,2,2,2,1,1,1
MM001-053,220216,Myanmar,Shwe Kyin,MM,,2,2,2,2,2,1
MM001-054,220387,Myanmar,Shwe Kyin,MM,,1,2,2,2,2,1
MM001-055,220420,Myanmar,Shwe Kyin,MM,,NA,NA,NA,NA,NA,NA
MM001-056,220431,Myanmar,Shwe Kyin,MM,,NA,NA,NA,NA,NA,NA
MM001-057,220468,Myanmar,Shwe Kyin,MM,,NA,NA,NA,NA,NA,NA
MM001-058,220475,Myanmar,Shwe Kyin,MM,,1,2,2,2,1,2
MM001-059,239513,Myanmar,Shwe Kyin,MM,,1,2,2,2,2,1
MM001-060,239621,Myanmar,Shwe Kyin,MM,,1,2,2,1,1,1
MM001-061,239608,Myanmar,Shwe Kyin,MM,,1,2,2,2,2,1
MM001-062,239568,Myanmar,Shwe Kyin,MM,,1,0,2,1,1,1
MM001-063,239538,Myanmar,Shwe Kyin,MM,,NA,NA,NA,NA,NA,NA
MM001-064,239536,Myanmar,Shwe Kyin,MM,,1,2,2,2,2,1
MM001-065,239532,Myanmar,Shwe Kyin,MM,,1,2,2,2,2,1
MM001-066,239872,Myanmar,Shwe Kyin,MM,,1,0,2,2,2,3
MM001-067,239862,Myanmar,Shwe Kyin,MM,,1,2,2,1,2,1
MM001-068,239842,Myanmar,Shwe Kyin,MM,,2,0,2,2,1,2
MM001-069,239841,Myanmar,Shwe Kyin,MM,,NA,NA,NA,NA,NA,NA
MM001-070,239803,Myanmar,Shwe Kyin,MM,,1,2,2,2,2,1
MM001-071,239791,Myanmar,Shwe Kyin,MM,,1,0,2,2,2,1
MM001-072,239781,Myanmar,Shwe Kyin,MM,,NA,NA,NA,NA,NA,NA
MM001-073,239769,Myanmar,Shwe Kyin,MM,,1,2,2,2,2,2
MM001-074,239719,Myanmar,Shwe Kyin,MM,,NA,NA,NA,NA,NA,NA
MM001-075,239706,Myanmar,Shwe Kyin,MM,,NA,NA,NA,NA,NA,NA
MM001-076,238755,Myanmar,Shwe Kyin,MM,,NA,NA,NA,NA,NA,NA
MM001-077,238774,Myanmar,Shwe Kyin,MM,,1,2,2,2,2,1
MM001-078,238800,Myanmar,Shwe Kyin,MM,,NA,NA,NA,NA,NA,NA
MM001-079,238813,Myanmar,Shwe Kyin,MM,,NA,NA,NA,NA,NA,NA
MM001-080,238824,Myanmar,Shwe Kyin,MM,,1,2,2,1,1,1
TH004-001,188821,Thailand,Mae Sot,TH4,,NA,NA,NA,NA,NA,NA
TH004-002,188831,Thailand,Mae Sot,TH4,,2,2,2,2,2,2
TH004-003,188839,Thailand,Mae Sot,TH4,,1,2,2,3,3,3
TH004-004,188843,Thailand,Mae Sot,TH4,,1,2,2,1,1,1
TH004-005,188849,Thailand,Mae Sot,TH4,,2,2,2,2,2,2
TH004-006,188854,Thailand,Mae Sot,TH4,,NA,NA,NA,NA,NA,NA
TH004-007,188859,Thailand,Mae Sot,TH4,,3,2,2,2,3,2
TH004-008,188864,Thailand,Mae Sot,TH4,,NA,NA,NA,NA,NA,NA
TH004-009,189022,Thailand,Mae Sot,TH4,,3,0,2,2,2,2
TH004-010,189017,Thailand,Mae Sot,TH4,,1,2,2,1,2,2
TH004-011,189014,Thailand,Mae Sot,TH4,,2,2,2,1,1,0
TH004-012,188909,Thailand,Mae Sot,TH4,,1,2,2,2,2,3
TH004-013,193160,Thailand,Mae Sot,TH4,,2,2,2,2,2,2
TH004-014,193059,Thailand,Mae Sot,TH4,,2,2,2,2,2,1
TH004-015,193064,Thailand,Mae Sot,TH4,,1,2,2,2,2,1
TH004-016,193071,Thailand,Mae Sot,TH4,,2,0,2,1,2,2
TH004-017,193072,Thailand,Mae Sot,TH4,,2,0,0,0,2,2
TH004-018,193080,Thailand,Mae Sot,TH4,,2,2,2,2,2,2
TH004-019,197292,Thailand,Mae Sot,TH4,,1,2,2,2,1,1
TH004-020,197303,Thailand,Mae Sot,TH4,,1,2,2,2,2,1
TH004-021,197308,Thailand,Mae Sot,TH4,,2,2,2,2,2,2
TH004-022,197493,Thailand,Mae Sot,TH4,,2,2,2,2,2,2
TH004-023,197312,Thailand,Mae Sot,TH4,,2,2,2,2,2,2
TH004-024,197329,Thailand,Mae Sot,TH4,,2,2,2,2,2,2
TH004-025,197513,Thailand,Mae Sot,TH4,,2,2,2,2,2,1
TH004-026,197512,Thailand,Mae Sot,TH4,,NA,NA,NA,NA,NA,NA
TH004-027,197526,Thailand,Mae Sot,TH4,,3,2,2,2,2,2
TH004-028,197533,Thailand,Mae Sot,TH4,,3,0,2,2,2,2
TH004-028,197344,Thailand,Mae Sot,TH4,,3,0,2,2,2,2
TH004-029,197536,Thailand,Mae Sot,TH4,,2,2,2,2,2,1
TH004-029,197540,Thailand,Mae Sot,TH4,,2,2,2,2,2,1
TH004-030,197381,Thailand,Mae Sot,TH4,,1,0,0,2,2,2
TH004-031,197376,Thailand,Mae Sot,TH4,,2,2,2,2,3,2
TH004-032,197364,Thailand,Mae Sot,TH4,,NA,NA,NA,NA,NA,NA
TH004-033,197363,Thailand,Mae Sot,TH4,,1,2,2,2,2,2
TH004-034,197555,Thailand,Mae Sot,TH4,,2,2,2,2,2,2
TH004-035,197349,Thailand,Mae Sot,TH4,,3,2,2,2,2,3
TH004-036,197356,Thailand,Mae Sot,TH4,,2,2,2,2,2,2
TH004-037,197580,Thailand,Mae Sot,TH4,,3,2,2,2,2,2
TH004-038,197582,Thailand,Mae Sot,TH4,,1,2,2,2,2,2
TH004-039,197583,Thailand,Mae Sot,TH4,,3,2,2,2,2,2
TH004-040,197569,Thailand,Mae Sot,TH4,,3,2,2,2,2,3
TH004-041,206948,Thailand,Mae Sot,TH4,,NA,NA,NA,NA,NA,NA
TH004-042,206949,Thailand,Mae Sot,TH4,,2,2,2,2,1,2
TH004-044,206972,Thailand,Mae Sot,TH4,,2,2,2,2,2,2
TH004-046,207000,Thailand,Mae Sot,TH4,,NA,NA,NA,NA,NA,NA
TH004-047,207002,Thailand,Mae Sot,TH4,,2,2,2,2,2,2
TH004-048,207007,Thailand,Mae Sot,TH4,,3,2,2,1,1,1
TH004-049,207012,Thailand,Mae Sot,TH4,,2,2,2,2,2,1
TH004-050,207017,Thailand,Mae Sot,TH4,,3,2,2,1,1,1
TH004-051,207022,Thailand,Mae Sot,TH4,,NA,NA,NA,NA,NA,NA
TH004-052,207027,Thailand,Mae Sot,TH4,,1,2,2,2,3,2
TH004-053,208839,Thailand,Mae Sot,TH4,,2,2,2,2,2,2
TH004-054,208841,Thailand,Mae Sot,TH4,,3,0,2,2,2,2
TH004-055,208848,Thailand,Mae Sot,TH4,,2,2,2,2,2,2
TH004-056,208844,Thailand,Mae Sot,TH4,,2,2,2,1,1,1
TH004-057,208875,Thailand,Mae Sot,TH4,,2,2,2,2,1,1
TH004-058,208876,Thailand,Mae Sot,TH4,,2,2,2,2,2,2
TH004-059,208881,Thailand,Mae Sot,TH4,,3,2,2,2,2,2
TH004-060,208879,Thailand,Mae Sot,TH4,,3,0,2,2,0,2
TH004-061,208891,Thailand,Mae Sot,TH4,,1,2,2,2,2,2
TH004-062,208906,Thailand,Mae Sot,TH4,,3,2,2,2,2,2
TH004-063,208901,Thailand,Mae Sot,TH4,,3,2,2,2,2,3
TH004-064,208921,Thailand,Mae Sot,TH4,,2,2,2,2,2,2
TH004-065,208935,Thailand,Mae Sot,TH4,,1,2,2,2,2,2
TH004-066,210947,Thailand,Mae Sot,TH4,,3,2,2,2,2,3
TH004-067,210953,Thailand,Mae Sot,TH4,,2,2,2,2,2,2
TH004-068,210955,Thailand,Mae Sot,TH4,,2,2,2,2,1,1
TH004-069,210962,Thailand,Mae Sot,TH4,,3,2,2,2,1,2
TH004-070,210968,Thailand,Mae Sot,TH4,,1,2,2,1,1,1
TH004-071,210972,Thailand,Mae Sot,TH4,,NA,NA,NA,NA,NA,NA
TH004-072,210978,Thailand,Mae Sot,TH4,,1,2,2,2,2,2
TH004-073,193097,Thailand,Mae Sot,TH4,,2,0,2,2,2,2
TH004-074,193096,Thailand,Mae Sot,TH4,,1,2,2,2,2,2
TH004-075,193091,Thailand,Mae Sot,TH4,,2,0,2,1,2,1
TH004-076,193113,Thailand,Mae Sot,TH4,,2,2,2,2,1,2
TH004-077,193108,Thailand,Mae Sot,TH4,,2,2,2,2,2,2
TH004-078,193119,Thailand,Mae Sot,TH4,,3,2,2,2,2,2
TH004-079,210984,Thailand,Mae Sot,TH4,,2,2,2,2,2,2
TH004-080,210991,Thailand,Mae Sot,TH4,,3,2,2,2,2,2
TH004-081,193085,Thailand,Mae Sot,TH4,,1,2,2,2,3,2
TH004-082,197297,Thailand,Mae Sot,TH4,,1,2,2,2,2,2
TH004-083,197316,Thailand,Mae Sot,TH4,,1,0,2,2,1,2
TH004-084,197322,Thailand,Mae Sot,TH4,,1,2,2,3,3,2
TH004-085,197323,Thailand,Mae Sot,TH4,,1,2,2,2,1,2
TH004-086,197519,Thailand,Mae Sot,TH4,,1,2,2,2,1,2
TH004-086,197516,Thailand,Mae Sot,TH4,,1,2,2,2,1,2
TH004-087,197333,Thailand,Mae Sot,TH4,,3,2,2,2,2,2
TH004-087,197337,Thailand,Mae Sot,TH4,,3,2,2,2,2,2
TH004-088,197341,Thailand,Mae Sot,TH4,,3,2,2,2,3,2
TH004-088,197522,Thailand,Mae Sot,TH4,,3,2,2,2,3,2
TH004-089,197386,Thailand,Mae Sot,TH4,,NA,NA,NA,NA,NA,NA
TH004-089,197384,Thailand,Mae Sot,TH4,,NA,NA,NA,NA,NA,NA
TH004-090,197545,Thailand,Mae Sot,TH4,,2,2,2,2,2,2
TH004-091,197346,Thailand,Mae Sot,TH4,,NA,NA,NA,NA,NA,NA
TH004-092,197552,Thailand,Mae Sot,TH4,,1,2,2,1,2,2
TH004-093,197369,Thailand,Mae Sot,TH4,,1,2,2,2,2,2
TH004-094,197560,Thailand,Mae Sot,TH4,,3,2,2,2,2,2
TH004-095,197581,Thailand,Mae Sot,TH4,,2,2,2,2,1,2
TH004-096,206945,Thailand,Mae Sot,TH4,,2,2,2,2,1,2
TH004-097,206962,Thailand,Mae Sot,TH4,,3,0,2,2,2,2
TH004-098,206967,Thailand,Mae Sot,TH4,,2,2,2,2,2,2
TH004-099,206982,Thailand,Mae Sot,TH4,,2,2,2,2,2,1
TH004-101,206984,Thailand,Mae Sot,TH4,,2,2,2,2,1,2
TH004-102,208852,Thailand,Mae Sot,TH4,,1,0,0,0,2,0
TH004-103,208858,Thailand,Mae Sot,TH4,,2,2,2,2,2,1
TH004-104,208866,Thailand,Mae Sot,TH4,,2,2,2,2,2,2
TH004-105,208886,Thailand,Mae Sot,TH4,,NA,NA,NA,NA,NA,NA
TH004-106,208912,Thailand,Mae Sot,TH4,,1,2,2,2,2,1
TH004-107,208915,Thailand,Mae Sot,TH4,,NA,NA,NA,NA,NA,NA
TH004-108,208925,Thailand,Mae Sot,TH4,,2,0,2,2,2,2
TH004-110,193135,Thailand,Mae Sot,TH4,,2,2,2,2,2,2
TH004-111,211030,Thailand,Mae Sot,TH4,,2,2,2,2,2,2
TH004-112,211025,Thailand,Mae Sot,TH4,,3,2,2,2,2,2
TH004-113,211019,Thailand,Mae Sot,TH4,,1,2,2,2,2,2
TH004-114,211011,Thailand,Mae Sot,TH4,,NA,NA,NA,NA,NA,NA
TH004-115,193123,Thailand,Mae Sot,TH4,,3,2,2,2,2,2
TH004-116,193130,Thailand,Mae Sot,TH4,,2,2,2,2,2,2
TH004-117,210995,Thailand,Mae Sot,TH4,,2,2,2,2,1,2
TH004-118,193149,Thailand,Mae Sot,TH4,,2,2,2,2,2,2
TH004-120,193154,Thailand,Mae Sot,TH4,,1,2,2,1,1,2
TH005-001,205246,Thailand,Sisakhet,TH5,,2,2,2,2,2,2
TH005-002,205269,Thailand,Sisakhet,TH5,,NA,NA,NA,NA,NA,NA
TH005-003,205290,Thailand,Sisakhet,TH5,,2,2,2,2,3,2
TH005-004,205312,Thailand,Sisakhet,TH5,,NA,NA,NA,NA,NA,NA
TH005-005,205327,Thailand,Sisakhet,TH5,,2,2,2,2,2,2
TH005-006,205341,Thailand,Sisakhet,TH5,,2,2,2,2,2,2
TH005-007,205374,Thailand,Sisakhet,TH5,,2,2,2,2,2,2
TH005-008,205394,Thailand,Sisakhet,TH5,,2,2,2,2,2,2
TH005-009,205413,Thailand,Sisakhet,TH5,,3,2,2,2,2,2
TH005-010,205441,Thailand,Sisakhet,TH5,,NA,NA,NA,NA,NA,NA
TH005-011,205484,Thailand,Sisakhet,TH5,,3,3,3,2,3,3
TH005-012,205522,Thailand,Sisakhet,TH5,,3,2,2,2,1,2
TH005-013,205507,Thailand,Sisakhet,TH5,,2,2,2,2,2,2
TH005-014,205548,Thailand,Sisakhet,TH5,,NA,NA,NA,NA,NA,NA
TH005-015,205457,Thailand,Sisakhet,TH5,,NA,NA,NA,NA,NA,NA
TH005-017,205595,Thailand,Sisakhet,TH5,,2,2,2,2,2,2
TH005-018,232082,Thailand,Sisakhet,TH5,,NA,NA,NA,NA,NA,NA
TH005-020,232111,Thailand,Sisakhet,TH5,,NA,NA,NA,NA,NA,NA
TH005-021,205606,Thailand,Sisakhet,TH5,,NA,NA,NA,NA,NA,NA
TH005-022,232257,Thailand,Sisakhet,TH5,,NA,NA,NA,NA,NA,NA
TH005-023,205621,Thailand,Sisakhet,TH5,,NA,NA,NA,NA,NA,NA
TH005-024,205715,Thailand,Sisakhet,TH5,,NA,NA,NA,NA,NA,NA
TH005-025,232303,Thailand,Sisakhet,TH5,,NA,NA,NA,NA,NA,NA
TH005-026,232329,Thailand,Sisakhet,TH5,,2,2,2,2,2,2
TH005-027,232360,Thailand,Sisakhet,TH5,,2,2,2,2,2,2
TH005-028,232387,Thailand,Sisakhet,TH5,,1,2,2,2,1,2
TH005-029,232403,Thailand,Sisakhet,TH5,,NA,NA,NA,NA,NA,NA
TH006-002,204865,Thailand,Khun Han,TH6,,2,2,2,2,2,2
TH006-003,204875,Thailand,Khun Han,TH6,,2,2,2,2,2,2
TH006-004,204900,Thailand,Khun Han,TH6,,2,2,2,2,2,2
TH006-006,204935,Thailand,Khun Han,TH6,,2,0,0,0,2,0
TH006-007,204951,Thailand,Khun Han,TH6,,NA,NA,NA,NA,NA,NA
TH006-009,205020,Thailand,Khun Han,TH6,,2,2,2,2,2,2
TH006-010,205024,Thailand,Khun Han,TH6,,NA,NA,NA,NA,NA,NA
TH006-011,205038,Thailand,Khun Han,TH6,,2,2,2,2,2,2
TH006-012,205052,Thailand,Khun Han,TH6,,NA,NA,NA,NA,NA,NA
TH007-001,205750,Thailand,Ranong,TH7,,2,2,2,2,2,2
TH007-002,205780,Thailand,Ranong,TH7,,2,2,2,2,2,2
TH007-003,205782,Thailand,Ranong,TH7,,3,2,2,2,2,2
TH007-004,205798,Thailand,Ranong,TH7,,3,0,2,2,2,2
TH007-005,205814,Thailand,Ranong,TH7,,2,2,2,2,2,2
TH007-006,205959,Thailand,Ranong,TH7,,1,2,2,2,3,1
TH007-007,205981,Thailand,Ranong,TH7,,2,2,2,2,2,2
TH007-008,205996,Thailand,Ranong,TH7,,2,0,2,2,2,2
TH007-009,206020,Thailand,Ranong,TH7,,3,2,2,1,2,1
TH007-010,205848,Thailand,Ranong,TH7,,NA,NA,NA,NA,NA,NA
TH007-011,205880,Thailand,Ranong,TH7,,2,2,2,2,2,2
TH007-012,205901,Thailand,Ranong,TH7,,1,2,2,2,1,2
TH007-013,206041,Thailand,Ranong,TH7,,2,2,2,2,2,1
TH007-014,206048,Thailand,Ranong,TH7,,2,2,2,2,2,1
TH007-015,206084,Thailand,Ranong,TH7,,1,2,2,3,3,2
TH007-016,206108,Thailand,Ranong,TH7,,1,2,2,2,1,2
TH007-018,206155,Thailand,Ranong,TH7,,2,2,2,2,2,1
TH007-019,206176,Thailand,Ranong,TH7,,NA,NA,NA,NA,NA,NA
TH007-020,206212,Thailand,Ranong,TH7,,1,2,1,2,1,1
TH007-021,206233,Thailand,Ranong,TH7,,2,2,2,2,2,2
TH007-023,227923,Thailand,Ranong,TH7,,3,2,2,2,2,2
VN001-001,182620,Vietnam,Binh Phuoc,VN,,2,2,2,1,1,2
VN001-002,182640,Vietnam,Binh Phuoc,VN,,1,1,1,1,3,1
VN001-003,182660,Vietnam,Binh Phuoc,VN,,1,1,1,1,3,1
VN001-004,182680,Vietnam,Binh Phuoc,VN,,2,1,1,2,3,3
VN001-005,182700,Vietnam,Binh Phuoc,VN,,2,0,1,2,3,1
VN001-006,182720,Vietnam,Binh Phuoc,VN,,1,2,2,1,1,1
VN001-007,182740,Vietnam,Binh Phuoc,VN,,2,2,2,2,2,1
VN001-008,182760,Vietnam,Binh Phuoc,VN,,1,2,2,1,1,1
VN001-009,182780,Vietnam,Binh Phuoc,VN,,3,3,3,3,3,3
VN001-010,182800,Vietnam,Binh Phuoc,VN,,1,2,2,1,1,1
VN001-011,182672,Vietnam,Binh Phuoc,VN,,1,2,2,1,3,3
VN001-012,182676,Vietnam,Binh Phuoc,VN,,2,0,1,1,2,2
VN001-013,182692,Vietnam,Binh Phuoc,VN,,2,1,1,1,2,2
VN001-014,182696,Vietnam,Binh Phuoc,VN,,1,3,3,3,3,3
VN001-015,182772,Vietnam,Binh Phuoc,VN,,1,1,1,1,1,1
VN001-016,182776,Vietnam,Binh Phuoc,VN,,1,1,1,1,1,2
VN001-017,194963,Vietnam,Binh Phuoc,VN,,NA,NA,NA,NA,NA,NA
VN001-018,194968,Vietnam,Binh Phuoc,VN,,1,1,1,1,1,1
VN001-019,194970,Vietnam,Binh Phuoc,VN,,1,1,1,3,1,3
VN001-021,194976,Vietnam,Binh Phuoc,VN,,1,1,1,1,1,1
VN001-022,194980,Vietnam,Binh Phuoc,VN,,2,2,2,2,2,2
VN001-023,194984,Vietnam,Binh Phuoc,VN,,NA,NA,NA,NA,NA,NA
VN001-024,194988,Vietnam,Binh Phuoc,VN,,NA,NA,NA,NA,NA,NA
VN001-025,194992,Vietnam,Binh Phuoc,VN,,1,2,2,1,1,2
VN001-026,194996,Vietnam,Binh Phuoc,VN,,2,0,2,2,2,2
VN001-027,195000,Vietnam,Binh Phuoc,VN,,NA,NA,NA,NA,NA,NA
VN001-028,195004,Vietnam,Binh Phuoc,VN,,2,2,2,2,2,2
VN001-029,195012,Vietnam,Binh Phuoc,VN,,1,2,2,3,3,1
VN001-030,195016,Vietnam,Binh Phuoc,VN,,3,3,3,1,1,1
VN001-031,195008,Vietnam,Binh Phuoc,VN,,1,1,1,1,2,1
VN001-032,195020,Vietnam,Binh Phuoc,VN,,3,3,2,2,3,3
VN001-033,195024,Vietnam,Binh Phuoc,VN,,3,1,1,2,1,1
VN001-034,195028,Vietnam,Binh Phuoc,VN,,2,0,2,2,2,2
VN001-035,195032,Vietnam,Binh Phuoc,VN,,2,2,2,2,2,2
VN001-036,195036,Vietnam,Binh Phuoc,VN,,3,2,2,3,3,1
VN001-037,195040,Vietnam,Binh Phuoc,VN,,2,1,1,2,1,1
VN001-038,195044,Vietnam,Binh Phuoc,VN,,NA,NA,NA,NA,NA,NA
VN001-039,195048,Vietnam,Binh Phuoc,VN,,1,2,2,1,1,1
VN001-040,195052,Vietnam,Binh Phuoc,VN,,1,1,1,1,1,1
VN001-041,195056,Vietnam,Binh Phuoc,VN,,1,0,2,1,1,1
VN001-042,195060,Vietnam,Binh Phuoc,VN,,1,2,2,1,2,2
VN001-045,203929,Vietnam,Binh Phuoc,VN,,1,1,1,1,1,3
VN001-046,203933,Vietnam,Binh Phuoc,VN,,2,2,2,2,2,2
VN001-047,203937,Vietnam,Binh Phuoc,VN,,2,2,2,2,2,2
VN001-048,203941,Vietnam,Binh Phuoc,VN,,1,1,1,1,1,1
VN001-049,203946,Vietnam,Binh Phuoc,VN,,1,1,1,1,1,1
VN001-050,203948,Vietnam,Binh Phuoc,VN,,1,2,2,1,1,1
VN001-051,203953,Vietnam,Binh Phuoc,VN,,3,1,1,3,3,3
VN001-052,203957,Vietnam,Binh Phuoc,VN,,1,0,1,1,1,1
VN001-053,204061,Vietnam,Binh Phuoc,VN,,3,2,2,2,2,2
VN001-054,204097,Vietnam,Binh Phuoc,VN,,1,1,2,2,2,1
VN001-055,204065,Vietnam,Binh Phuoc,VN,,3,2,2,2,2,2
VN001-056,204069,Vietnam,Binh Phuoc,VN,,2,0,2,2,2,2
VN001-057,204073,Vietnam,Binh Phuoc,VN,,1,1,1,2,2,1
VN001-058,204077,Vietnam,Binh Phuoc,VN,,2,2,2,2,2,2
VN001-059,204081,Vietnam,Binh Phuoc,VN,,1,1,1,1,2,1
VN001-060,204085,Vietnam,Binh Phuoc,VN,,3,2,3,3,2,2
VN001-061,204089,Vietnam,Binh Phuoc,VN,,1,2,2,1,3,1
VN001-062,204092,Vietnam,Binh Phuoc,VN,,2,2,2,2,2,2
VN001-063,204101,Vietnam,Binh Phuoc,VN,,1,1,1,1,3,1
VN001-064,204105,Vietnam,Binh Phuoc,VN,,1,1,1,1,3,1
VN001-066,204113,Vietnam,Binh Phuoc,VN,,1,1,1,2,1,1
VN001-067,204117,Vietnam,Binh Phuoc,VN,,1,0,1,1,2,1
VN001-068,204121,Vietnam,Binh Phuoc,VN,,1,1,1,1,2,1
VN001-069,204125,Vietnam,Binh Phuoc,VN,,2,2,2,2,2,2
VN001-070,204129,Vietnam,Binh Phuoc,VN,,2,2,2,2,2,2
VN001-072,204057,Vietnam,Binh Phuoc,VN,,NA,NA,NA,NA,NA,NA
VN001-073,214762,Vietnam,Binh Phuoc,VN,,1,1,1,1,1,1
VN001-074,214766,Vietnam,Binh Phuoc,VN,,3,2,3,1,2,1
VN001-075,214770,Vietnam,Binh Phuoc,VN,,NA,NA,NA,NA,NA,NA
VN001-076,214774,Vietnam,Binh Phuoc,VN,,1,2,2,1,1,1
VN001-077,214778,Vietnam,Binh Phuoc,VN,,NA,NA,NA,NA,NA,NA
VN001-078,214782,Vietnam,Binh Phuoc,VN,,1,2,2,1,1,1
VN001-079,214786,Vietnam,Binh Phuoc,VN,,1,1,1,1,1,1
VN001-080,214790,Vietnam,Binh Phuoc,VN,,2,2,2,1,2,2
VN001-081,214794,Vietnam,Binh Phuoc,VN,,NA,NA,NA,NA,NA,NA
VN001-082,214798,Vietnam,Binh Phuoc,VN,,1,1,1,1,1,2
VN001-084,214806,Vietnam,Binh Phuoc,VN,,NA,NA,NA,NA,NA,NA
VN001-085,214810,Vietnam,Binh Phuoc,VN,,1,1,1,1,1,2
VN001-086,214814,Vietnam,Binh Phuoc,VN,,NA,NA,NA,NA,NA,NA
VN001-087,214818,Vietnam,Binh Phuoc,VN,,1,2,2,1,2,1
VN001-088,214822,Vietnam,Binh Phuoc,VN,,3,2,2,2,2,2
VN001-089,214828,Vietnam,Binh Phuoc,VN,,NA,NA,NA,NA,NA,NA
VN001-091,218262,Vietnam,Binh Phuoc,VN,,1,1,1,1,1,1
VN001-092,218266,Vietnam,Binh Phuoc,VN,,1,1,1,1,2,1
VN001-093,218270,Vietnam,Binh Phuoc,VN,,2,2,2,2,2,2
VN001-094,218274,Vietnam,Binh Phuoc,VN,,1,1,1,1,2,1
VN001-095,218278,Vietnam,Binh Phuoc,VN,,NA,NA,NA,NA,NA,NA
VN001-096,218282,Vietnam,Binh Phuoc,VN,,1,3,2,2,1,1
VN001-097,218285,Vietnam,Binh Phuoc,VN,,2,2,2,2,2,2
VN001-098,218290,Vietnam,Binh Phuoc,VN,,1,2,2,2,1,1
VN001-099,218294,Vietnam,Binh Phuoc,VN,,2,2,2,2,2,2
VN001-100,218298,Vietnam,Binh Phuoc,VN,,3,1,1,1,2,1
VN001-101,227153,Vietnam,Binh Phuoc,VN,,3,2,3,2,2,2
VN001-102,227154,Vietnam,Binh Phuoc,VN,,3,3,3,3,2,3
VN001-103,227155,Vietnam,Binh Phuoc,VN,,2,2,2,2,2,2
VN001-104,218314,Vietnam,Binh Phuoc,VN,,NA,NA,NA,NA,NA,NA
VN001-105,218318,Vietnam,Binh Phuoc,VN,,1,1,3,1,1,1
VN001-106,218322,Vietnam,Binh Phuoc,VN,,NA,NA,NA,NA,NA,NA
VN001-107,218326,Vietnam,Binh Phuoc,VN,,1,1,1,1,2,1
VN001-108,218330,Vietnam,Binh Phuoc,VN,,1,1,1,1,3,1
VN001-109,218334,Vietnam,Binh Phuoc,VN,,1,1,1,1,1,1
VN001-110,218338,Vietnam,Binh Phuoc,VN,,1,1,1,2,2,1
VN001-111,218342,Vietnam,Binh Phuoc,VN,,1,1,1,1,1,2
VN001-112,218346,Vietnam,Binh Phuoc,VN,,1,1,1,1,2,1
VN001-113,218350,Vietnam,Binh Phuoc,VN,,NA,NA,NA,NA,NA,NA
VN001-114,218354,Vietnam,Binh Phuoc,VN,,NA,NA,NA,NA,NA,NA
VN001-115,218627,Vietnam,Binh Phuoc,VN,,3,1,3,2,3,2
VN001-116,218631,Vietnam,Binh Phuoc,VN,,1,2,2,1,1,1
VN001-117,218635,Vietnam,Binh Phuoc,VN,,NA,NA,NA,NA,NA,NA
VN001-118,218639,Vietnam,Binh Phuoc,VN,,NA,NA,NA,NA,NA,NA
VN001-119,218643,Vietnam,Binh Phuoc,VN,,1,2,2,1,1,1
VN001-120,218647,Vietnam,Binh Phuoc,VN,,1,2,2,1,1,1